product_id,title,price,category,product_url
1,–ù–æ–∫-–ë–æ–∫—Å VD Coffee Standart,900.0,–ü—Ä–æ—Ñ–µ—Å—ñ–π–Ω—ñ —ñ–Ω—Å—Ç—Ä—É–º–µ–Ω—Ç–∏ –±–∞—Ä–∏—Å—Ç–∞,https://www.wood-wam.in.ua/product/nok-boks-vd-coffee-standart/
2,–ü–∞–ø–µ—Ä–æ–≤—ñ —Ñ—ñ–ª—å—Ç—Ä–∏ Marco 100—à—Ç,200.0,–ü—Ä–æ—Ñ–µ—Å—ñ–π–Ω—ñ —ñ–Ω—Å—Ç—Ä—É–º–µ–Ω—Ç–∏ –±–∞—Ä–∏—Å—Ç–∞,https://www.wood-wam.in.ua/product/paperovi-filtry-marco-100sht/
3,–ü—É—à-—Ç–µ–º–ø–µ—Ä VD Coffee Standart,1100.0,–ü—Ä–æ—Ñ–µ—Å—ñ–π–Ω—ñ —ñ–Ω—Å—Ç—Ä—É–º–µ–Ω—Ç–∏ –±–∞—Ä–∏—Å—Ç–∞,https://www.wood-wam.in.ua/product/push-temper-vd-coffee-standart/
4,–û—Ä–≥–∞–Ω–∞–π–∑–µ—Ä –¥–ª—è –∫—Ä–∏—à–æ–∫ –Ω–∞ 3 –≤—ñ–¥–¥—ñ–ª–µ–Ω–Ω—è,540.0,–û—Ä–≥–∞–Ω–∞–π–∑–µ—Ä–∏,https://www.wood-wam.in.ua/product/organajzer-dlya-kryshok-na-3-viddilennya/
5,–¢–µ–º–ø–µ—Ä VD Coffee –ø–ª–æ—Å–∫–∏–π,490.0,–ü—Ä–æ—Ñ–µ—Å—ñ–π–Ω—ñ —ñ–Ω—Å—Ç—Ä—É–º–µ–Ω—Ç–∏ –±–∞—Ä–∏—Å—Ç–∞,https://www.wood-wam.in.ua/product/temper-vd-coffee-ploskyj/
6,–¢–∞–±–ª–∏—á–∫–∏ –Ω–∞ –∑–∞–º–æ–≤–ª–µ–Ω–Ω—è –Ω–∞ –¥–∏—Å—Ç–∞–Ω—Ü—ñ–æ–Ω–µ—Ä–∞—Ö,300.0,–Ü–Ω—Ñ–æ—Ä–º–∞—Ü—ñ–π–Ω—ñ —Ç–∞–±–ª–∏—á–∫–∏,https://www.wood-wam.in.ua/product/tablychky-na-zamovlennya-na-dystanczijnostyah/
7,–¢–∞–±–ª–∏—á–∫–∞ –í—ñ–¥–∫—Ä–∏—Ç–æ/–ó–∞–∫—Ä–∏—Ç–æ –∑ –∞–∫—Ä–∏–ª—É –∫—Ä—É–≥–ª–∞,380.0,–Ü–Ω—Ñ–æ—Ä–º–∞—Ü—ñ–π–Ω—ñ —Ç–∞–±–ª–∏—á–∫–∏,https://www.wood-wam.in.ua/product/tablychka-vidkryte-zakryte-z-akrylu-krugla/
8,–®—Ç–µ–Ω–¥–µ—Ä –î–≤–æ—Å—Ç–æ—Ä–æ–Ω–Ω—ñ–π,2000.0,–†—ñ–∑–Ω–µ,https://www.wood-wam.in.ua/product/shtender-dvostoronnij/
9,–ß–∞—à–∞ ( –ß–∞–≤–∞–Ω ) –¥–ª—è –ø—Ä–∏–≥–æ—Ç—É–≤–∞–Ω–Ω—è –º–∞—Ç—á—ñ,450.0,–ü—Ä–æ—Ñ–µ—Å—ñ–π–Ω—ñ —ñ–Ω—Å—Ç—Ä—É–º–µ–Ω—Ç–∏ –±–∞—Ä–∏—Å—Ç–∞,https://www.wood-wam.in.ua/product/chasha-chavan-dlya-prygotuvannya-matchi/
10,–ü—ñ—Ç—á–µ—Ä ‚Äì –º–æ–ª–æ—á–Ω–∏–∫ (90–º–ª),160.0,–ü—Ä–æ—Ñ–µ—Å—ñ–π–Ω—ñ —ñ–Ω—Å—Ç—Ä—É–º–µ–Ω—Ç–∏ –±–∞—Ä–∏—Å—Ç–∞,https://www.wood-wam.in.ua/product/pitcher-molochnyk-90ml/
11,"–ö–æ–Ω—Ü–µ–Ω—Ç—Ä–∞—Ç –î–ª—è –ß–∏—â–µ–Ω–Ω—è –ö–∞–≤–æ–º–∞—à–∏–Ω–∏ –í—ñ–¥ –ù–∞–∫–∏–ø—É Optimal-Pro 0,5 –õ",110.0,–ü—Ä–æ—Ñ–µ—Å—ñ–π–Ω—ñ —ñ–Ω—Å—Ç—Ä—É–º–µ–Ω—Ç–∏ –±–∞—Ä–∏—Å—Ç–∞,https://www.wood-wam.in.ua/product/konczentrat-dlya-chyshhennya-kavomashyny-vid-nakypu-optimal-pro-05-l/
12,–ü—ñ–¥—Å—Ç–∞–≤–∫–∞ –ø—ñ–¥ —á–∞—Å–µ–Ω,320.0,–ü—Ä–æ—Ñ–µ—Å—ñ–π–Ω—ñ —ñ–Ω—Å—Ç—Ä—É–º–µ–Ω—Ç–∏ –±–∞—Ä–∏—Å—Ç–∞,https://www.wood-wam.in.ua/product/pidstavka-pid-chasen/
13,–ù–æ–∫-–±–æ–∫—Å VD Coffee Small,900.0,–ü—Ä–æ—Ñ–µ—Å—ñ–π–Ω—ñ —ñ–Ω—Å—Ç—Ä—É–º–µ–Ω—Ç–∏ –±–∞—Ä–∏—Å—Ç–∞,https://www.wood-wam.in.ua/product/nok-boks-vd-coffee/
14,–ù–∞–±—ñ—Ä–Ω–µ –º–µ–Ω—é –Ω–∞ —Ä–µ–π–∫–∞—Ö –¥–ª—è –∫–∞–≤‚Äô—è—Ä–Ω—ñ —Ç–∞ –±–∞—Ä—É OPTIMAL –Ω–∞ –∑–∞–º–æ–≤–ª–µ–Ω–Ω—è –≤ —Ä—ñ–∑–Ω–∏—Ö –≤–∞—Ä—ñ–∞—Ü—ñ—è—Ö,3400.0,–ù–∞–±—ñ—Ä–Ω–µ –º–µ–Ω—é,https://www.wood-wam.in.ua/product/nabirne-menyu-na-rejkah-dlya-kavyarni-ta-baru-optimal-na-zamovlennya-v-riznyh-variacziyah/
15,–ù–∞–±—ñ—Ä–Ω–µ –º–µ–Ω—é –¥–ª—è –∫–∞–≤‚Äô—è—Ä–Ω—ñ —Ç–∞ –±–∞—Ä—É –º—ñ–Ω—ñ ( Mini / Premium ),950.0,–ù–∞–±—ñ—Ä–Ω–µ –º–µ–Ω—é,https://www.wood-wam.in.ua/product/nabirne-menyu-dlya-kavyarni-ta-baru-mini-z-yasena-u-modnomu-styli-loft-36h28-sm/
16,–ú—ñ—Ä–Ω–∏–π —Å—Ç–∞–∫–∞–Ω —Å–∫–ª–æ 60–º–ª,140.0,–ü—Ä–æ—Ñ–µ—Å—ñ–π–Ω—ñ —ñ–Ω—Å—Ç—Ä—É–º–µ–Ω—Ç–∏ –±–∞—Ä–∏—Å—Ç–∞,https://www.wood-wam.in.ua/product/mirnyj-stakan-sklo-60ml/
17,–ï–ª–µ–∫—Ç—Ä–∏—á–Ω–∏–π –ß–∞–π–Ω–∏–∫ –î–ª—è –ó–∞–≤–∞—Ä—é–≤–∞–Ω–Ω—è –ü—É—Ä–æ–≤–µ—Ä–∞ –ó –†–µ–≥—É–ª—é–≤–∞–Ω–Ω—è–º –¢–µ–º–ø–µ—Ä–∞—Ç—É—Ä–∏ 1 –õ –ß–æ—Ä–Ω–∏–π,3400.0,–ü—Ä–æ—Ñ–µ—Å—ñ–π–Ω—ñ —ñ–Ω—Å—Ç—Ä—É–º–µ–Ω—Ç–∏ –±–∞—Ä–∏—Å—Ç–∞,https://www.wood-wam.in.ua/product/elektrychnyj-chajnyk-dlya-zavaryuvannya-purovera-z-regulyuvannyam-temperatury-12-l-chornyj/
18,–í–æ—Ä–æ–Ω–∫–∞ –º–µ—Ç–∞–ª–µ–≤–∞ V60 Dripper VD Coffee,650.0,–ü—Ä–æ—Ñ–µ—Å—ñ–π–Ω—ñ —ñ–Ω—Å—Ç—Ä—É–º–µ–Ω—Ç–∏ –±–∞—Ä–∏—Å—Ç–∞,https://www.wood-wam.in.ua/product/voronka-metaleva-v60-dripper-vd-coffee/
19,–í—ñ—à–∞–∫ –¥–ª—è –æ–¥—è–≥—É ‚Äú–°–∏–ª—É–µ—Ç –∂—ñ–Ω–∫–∏‚Äù,1650.0,"–°—Ç–µ–ª–∞–∂—ñ, –ø–æ–ª–∏—á–∫–∏, —Ç—É–º–±–∏ —Ç–∞ –≤—ñ—Ç—Ä–∏–Ω–∏",https://www.wood-wam.in.ua/product/4215/
20,–î–µ—Ä–µ–≤‚Äô—è–Ω–∞ –∫–æ—Ä–æ–±–∫–∞,650.0,"–°—Ç–µ–ª–∞–∂—ñ, –ø–æ–ª–∏—á–∫–∏, —Ç—É–º–±–∏ —Ç–∞ –≤—ñ—Ç—Ä–∏–Ω–∏",https://www.wood-wam.in.ua/product/derevyana-korobka/
21,–ì—Ä–∞—Ñ—ñ–∫ —Ä–æ–±–æ—Ç–∏ –ê4 ( –Ω–∞–ª—ñ–ø–∫–∞ –Ω–∞ —Å–∫–ª–æ),350.0,–ù–∞–ª—ñ–ø–∫–∏,https://www.wood-wam.in.ua/product/naklejky-shhilne-rizannya-na-zamovlennya/
22,–í—ñ–Ω—á–∏–∫ –ë–∞–º–±—É–∫–æ–≤–∏–π –î–ª—è –ú–∞—Ç—á—ñ,550.0,–ü—Ä–æ—Ñ–µ—Å—ñ–π–Ω—ñ —ñ–Ω—Å—Ç—Ä—É–º–µ–Ω—Ç–∏ –±–∞—Ä–∏—Å—Ç–∞,https://www.wood-wam.in.ua/product/vinchyk-bambukovyj-dlya-matchi/
23,–í–∏–≥–æ—Ç–æ–≤–ª–µ–Ω–Ω—è –Ω–∞—Å—Ç—ñ–Ω–Ω–∏—Ö –º–µ–Ω—é —Ç–∞ —Ç–∞–±–ª–∏—á–æ–∫ –¥–ª—è –∫–∞—Ñ–µ –∑ –æ—Ä–≥—Å–∫–ª–∞ –Ω–∞ –¥–∏—Å—Ç–∞–Ω—Ü—ñ–π–Ω–∏–∫–∞—Ö.,2900.0,–ë–∞–≥–∞—Ç–æ—Ä–∞–∑–æ–≤–µ –º–µ–Ω—é,https://www.wood-wam.in.ua/product/vygotovlennya-nastinnyh-menyu-ta-tablychok-dlya-kafe-z-orgskla-na-dystanczijnykah/
24,"–í–µ–ª–∏–∫–∞ –∫—Ä—É–≥–ª–∞ –¥–µ—Ä–µ–≤‚Äô—è–Ω–∞ –ø—ñ–¥—Å—Ç–∞–≤–∫–∞ –ø—ñ–¥ —Ç–æ—Ä—Ç, –¥–ª—è –¥–µ—Å–µ—Ä—Ç—ñ–≤ (20 / 30 —Å–º)",110.0,–û—Ä–≥–∞–Ω–∞–π–∑–µ—Ä–∏,https://www.wood-wam.in.ua/product/velyka-krugla-derevyana-pidstavka-pid-tort-dlya-desertiv/
25,–ë–∞—à—Ç–∞ –¥–ª—è –ø—Ä–∏–≥–æ—Ç—É–≤–∞–Ω–Ω—è cold-brew,6700.0,–ü—Ä–æ—Ñ–µ—Å—ñ–π–Ω—ñ —ñ–Ω—Å—Ç—Ä—É–º–µ–Ω—Ç–∏ –±–∞—Ä–∏—Å—Ç–∞,https://www.wood-wam.in.ua/product/qr-kod-z-yasenyu-ta-akrylu-informaczijna-tablychka/
26,QR-–∫–æ–¥ –∑ –Ω–∞—Ç—É—Ä–∞–ª—å–Ω–æ–≥–æ –¥–µ—Ä–µ–≤–∞ —Ç–∞ –ø–æ–∫—Ä–∏—Ç—Ç—è,480.0,QR-–∫–æ–¥–∏,https://www.wood-wam.in.ua/product/qr-kod-z-naturalnogo-dereva-ta-pokryttya/
27,QR-–∫–æ–¥ –∑ –∞–∫—Ä–∏–ª—É 8*8—Å–º,250.0,QR-–∫–æ–¥–∏,https://www.wood-wam.in.ua/product/qr-kod-z-akrylu-88sm/
28,–ê–∫—Ä–∏–ª–æ–≤–µ –º–µ–Ω—é –Ω–∞ –ø—ñ–¥—Å—Ç–∞–≤—Ü—ñ (–ê5/A4),560.0,–ù–∞–±—ñ—Ä–Ω–µ –º–µ–Ω—é,https://www.wood-wam.in.ua/product/akrylove-menyu-na-pidstavczi-a5/
29,QR-–∫–æ–¥ –∑ –∞–∫—Ä–∏–ª—É —Ç–∞ –ø—ñ–¥—Å–≤—ñ—Ç–∫–æ—é,480.0,QR-–∫–æ–¥–∏,https://www.wood-wam.in.ua/product/qr-kod-z-akrylu-ta-pidsvitkoyu-2/
30,Qr-–∫–æ–¥ –∑ –∑ –∞–∫—Ä–∏–ª—É,260.0,QR-–∫–æ–¥–∏,https://www.wood-wam.in.ua/product/qr-kod-z-z-akrylu/
31,"–ë–∞–≥–∞—Ç–æ—Ä–∞–∑–æ–≤–µ –º–µ–Ω—é –¥–ª—è –Ω–∞–ø–∏—Å—ñ–≤ –Ω–∞ —Å—Ç—ñ–Ω—ñ, –î–æ—à–∫–∞ –º–µ–Ω—é –¥–ª—è –∫–∞–≤–∏ (–ú–µ—Ç–∞–ª)",2200.0,–ë–∞–≥–∞—Ç–æ—Ä–∞–∑–æ–≤–µ –º–µ–Ω—é,https://www.wood-wam.in.ua/product/bagatorazove-menyu-dlya-napysiv-na-stini-doshka-menyu-dlya-kavy/
32,–ë–∞–≥–∞—Ç–æ—Ä–∞–∑–æ–≤–µ –º–µ–Ω—é –¥–ª—è –Ω–∞–ø–∏—Å—ñ–≤ –Ω–∞ —Å—Ç—ñ–Ω—É –¥–ª—è –∫–∞–≤‚Äô—è—Ä–Ω—ñ —Ç–∞ –∫–∞—Ñ–µ 100 –º–µ—Ç—Ä—ñ–≤,1600.0,–ë–∞–≥–∞—Ç–æ—Ä–∞–∑–æ–≤–µ –º–µ–Ω—é,https://www.wood-wam.in.ua/product/bagatorazove-menyu-dlya-napysiv-na-stinu-dlya-kavyarni-ta-kafe-100-metriv/
33,QR-–∫–æ–¥ –∑ –∞–∫—Ä–∏–ª—É 11*11—Å–º –∑ –Ω—ñ–∂–∫–æ—é –∑ —è—Å–µ–Ω—é,360.0,QR-–∫–æ–¥–∏,https://www.wood-wam.in.ua/product/qr-kod-z-akrylu-1111sm-z-nizhkoyu-z-yasenyu/
34,–õ–æ–∂–∫–∞ –º—ñ—Ä–Ω–∞ –±–∞–º–±—É–∫–æ–≤–∞ (—á–∞—Å–∞–∫—É),220.0,–ü—Ä–æ—Ñ–µ—Å—ñ–π–Ω—ñ —ñ–Ω—Å—Ç—Ä—É–º–µ–Ω—Ç–∏ –±–∞—Ä–∏—Å—Ç–∞,https://www.wood-wam.in.ua/product/lozhka-mirna-bambukova-chasaku/
35,Qr –∫–æ–¥ –∑ —Ç–µ–º–Ω–æ–≥–æ –¥–µ—Ä–µ–≤–∞,350.0,QR-–∫–æ–¥–∏,https://www.wood-wam.in.ua/product/qr-kod-z-temnogo-dereva/
36,–ö—É—Ç–æ—á–æ–∫ —Å–ø–æ–∂–∏–≤–∞—á–∞ –∑ –ø—Ä–æ–∑–æ—Ä–æ–≥–æ –∞–∫—Ä–∏–ª—É,680.0,–û—Ä–≥–∞–Ω–∞–π–∑–µ—Ä–∏,https://www.wood-wam.in.ua/product/kutochok-spozhyvacha-z-prozorogo-akrylu/
37,–ö—É—Ç–æ—á–æ–∫ —Å–ø–æ–∂–∏–≤–∞—á–∞ ( –ß–æ—Ä–Ω–∏–π / –ë—ñ–ª–∏–π ),420.0,–û—Ä–≥–∞–Ω–∞–π–∑–µ—Ä–∏,https://www.wood-wam.in.ua/product/kutochok-spozhyvacha-bilyj-2/
38,–ö—Ä–µ–π–¥—è–Ω–∞ –¥–æ—à–∫–∞ –Ω–∞ —à–Ω—É—Ä—Ü—ñ,300.0,–ë–∞–≥–∞—Ç–æ—Ä–∞–∑–æ–≤–µ –º–µ–Ω—é,https://www.wood-wam.in.ua/product/krejdyana-doshka-na-shnurku/
39,–ö—Ä–µ–π–¥—è–Ω–∞ –¥–æ—à–∫–∞ –≤ —Ä–∞–º—Ü—ñ,350.0,–ë–∞–≥–∞—Ç–æ—Ä–∞–∑–æ–≤–µ –º–µ–Ω—é,https://www.wood-wam.in.ua/product/velyka-krejdyana-doshka-v-ramczi/
40,–ö—Ä–µ–π–¥–æ–≤—ñ –î–æ—â–µ—á–∫–∏ –° –î–µ—Ä–µ–≤‚Äô—è–Ω–æ—é –ü—ñ–¥—Å—Ç–∞–≤–∫–æ—é –ó –Ø—Å–µ–Ω—é,220.0,–ë–∞–≥–∞—Ç–æ—Ä–∞–∑–æ–≤–µ –º–µ–Ω—é,https://www.wood-wam.in.ua/product/velyka-krejdyana-doshka-na-derevyanij-pidstavczi-1015-sm/
41,–ö—Ä–µ–π–¥–æ–≤–∏–π 2-—Å—Ç–æ—Ä–æ–Ω—ñ–π —à—Ç–µ–Ω–¥–µ—Ä,2500.0,–ù–∞–±—ñ—Ä–Ω–µ –º–µ–Ω—é,https://www.wood-wam.in.ua/product/krejdyanyj-shtender-dvostoronnij/
42,–ö–æ—Ä–æ–±–∫–∞ –¥–ª—è —á–∞–π–æ–≤–∏—Ö,260.0,–†—ñ–∑–Ω–µ,https://www.wood-wam.in.ua/product/korobka-dlya-chajovyh/
43,–ö–æ—Ä–æ–±–∫–∞ –∑ –¥–µ—Ä–µ–≤–∞,680.0,–û—Ä–≥–∞–Ω–∞–π–∑–µ—Ä–∏,https://www.wood-wam.in.ua/product/korobka-z-dereva-2/
44,–ù–∞–±—ñ—Ä –Ω–∞–ª—ñ–ø–æ–∫ 3 —à—Ç ( —á–æ—Ä–Ω—ñ / –±—ñ–ª—ñ ),150.0,–ù–∞–ª—ñ–ø–∫–∏,https://www.wood-wam.in.ua/product/nabir-nalipok-3-sht-chorni-bili/
45,–ù–∞–±—ñ—Ä–Ω–µ –º–µ–Ω—é 100*42 —Å–º,2400.0,–ù–∞–±—ñ—Ä–Ω–µ –º–µ–Ω—é,https://www.wood-wam.in.ua/product/nabirne-menyu-10042-sm/
46,–ù–∞–±—ñ—Ä–Ω–µ –º–µ–Ω—é –¥–ª—è –í–∞—à–æ–≥–æ –∑–∞–∫–ª–∞–¥—É,1850.0,–ù–∞–±—ñ—Ä–Ω–µ –º–µ–Ω—é,https://www.wood-wam.in.ua/product/nabirne-menyu-dlya-vashogo-zakladu/
47,–ù–∞–±—ñ—Ä –¶—ñ–Ω–Ω–∏–∫—ñ–≤ –î–ª—è –ö–∞–≤‚Äô—è—Ä–Ω—ñ –ê–±–æ –ú–∞–≥–∞–∑–∏–Ω—É ( –Ω–∞ –ø—Ä–∏—â—ñ–ø—Ü—ñ ),360.0,–Ü–Ω—Ñ–æ—Ä–º–∞—Ü—ñ–π–Ω—ñ —Ç–∞–±–ª–∏—á–∫–∏,https://www.wood-wam.in.ua/product/nabir-czinnykiv-dlya-kavyarni-abo-magazynu-na-pryshhipczi/
48,–ù–∞–±—ñ—Ä —Ü—ñ–Ω–Ω–∏–∫—ñ–≤ –¥–ª—è –∫–∞–≤‚Äô—è—Ä–Ω—ñ –∞–±–æ –º–∞–≥–∞–∑–∏–Ω—É,360.0,–Ü–Ω—Ñ–æ—Ä–º–∞—Ü—ñ–π–Ω—ñ —Ç–∞–±–ª–∏—á–∫–∏,https://www.wood-wam.in.ua/product/nabir-czinnykiv-dlya-kavyarni-abo-magazynu/
49,–ù–∞–±—ñ—Ä –¥–ª—è –ø—Ä–∏–≥–æ—Ç—É–≤–∞–Ω–Ω—è –º–∞—Ç—á—ñ –∑ —Ç—Ä—å–æ—Ö —Ç–æ–≤–∞—Ä—ñ–≤,990.0,–ü—Ä–æ—Ñ–µ—Å—ñ–π–Ω—ñ —ñ–Ω—Å—Ç—Ä—É–º–µ–Ω—Ç–∏ –±–∞—Ä–∏—Å—Ç–∞,https://www.wood-wam.in.ua/product/nabir-dlya-prygotuvannya-matchi-z-troh-tovariv/
50,–ù–∞–±—ñ—Ä Hario V60,920.0,–ü—Ä–æ—Ñ–µ—Å—ñ–π–Ω—ñ —ñ–Ω—Å—Ç—Ä—É–º–µ–Ω—Ç–∏ –±–∞—Ä–∏—Å—Ç–∞,https://www.wood-wam.in.ua/product/nabir-hario-v60/
51,"–ú–µ–Ω—é-—Ö–æ–ª–¥–µ—Ä —ñ–∑ –¥–µ—Ä–µ–≤–∞, —Ä–æ–∑–º—ñ—Ä 220*160 –º–º",240.0,–ë–∞–≥–∞—Ç–æ—Ä–∞–∑–æ–≤–µ –º–µ–Ω—é,https://www.wood-wam.in.ua/product/menyu-holder-iz-dereva-rozmir-220160-mm/
52,–ú–µ–Ω—é —Å—Ç–∞–Ω–¥–∞—Ä—Ç (—á–æ—Ä–Ω–µ+—Ñ–æ–Ω),220.0,–ù–∞–±—ñ—Ä–Ω–µ –º–µ–Ω—é,https://www.wood-wam.in.ua/product/menyu-standart-chorne-fon/
53,–ú—ñ–∫—Ä–æ—Ñ—ñ–ª—å—Ç—Ä–∏ –ø–∞–ø–µ—Ä–æ–≤—ñ AeroPress 350—à—Ç,289.0,–ü—Ä–æ—Ñ–µ—Å—ñ–π–Ω—ñ —ñ–Ω—Å—Ç—Ä—É–º–µ–Ω—Ç–∏ –±–∞—Ä–∏—Å—Ç–∞,https://www.wood-wam.in.ua/product/mikrofiltry-paperovi-aeropress-350sht/
54,"–ú–µ–Ω—é-—Ö–æ–ª–¥–µ—Ä —ñ–∑ –ª–∞–º—ñ–Ω–æ–≤–∞–Ω–æ–≥–æ –¥–µ—Ä–µ–≤–∞, —Ä–æ–∑–º—ñ—Ä –ê4, —á–æ—Ä–Ω–∏–π",490.0,–ë–∞–≥–∞—Ç–æ—Ä–∞–∑–æ–≤–µ –º–µ–Ω—é,https://www.wood-wam.in.ua/product/menyu-holder-iz-laminovanogo-dereva-rozmir-a4-chornyj/
55,–ú–µ–Ω—é —Å—Ç–∞–Ω–¥–∞—Ä—Ç (–±—ñ–ª–µ),2253.0,–ù–∞–±—ñ—Ä–Ω–µ –º–µ–Ω—é,https://www.wood-wam.in.ua/product/menyu-standart-bile/
56,–ú–µ–Ω—é —Å—Ç–∞–Ω–¥–∞—Ä—Ç (—á–æ—Ä–Ω–µ),220.0,–ù–∞–±—ñ—Ä–Ω–µ –º–µ–Ω—é,https://www.wood-wam.in.ua/product/menyu-standart-chorne/
57,–ú–µ–Ω—é –¥–ª—è –∫–∞–≤‚Äô—è—Ä–Ω—ñ –Ω–∞ –∞–∫—Ä–∏–ª—ñ,3200.0,–ù–∞–±—ñ—Ä–Ω–µ –º–µ–Ω—é,https://www.wood-wam.in.ua/product/menyu-dlya-kavyarni-na-akryli/
58,–ú–µ–Ω—é (—Ä–µ–∫–ª–∞–º–∞) —É –¥—É–±–æ–≤—ñ–π —Ä–∞–º—Ü—ñ,750.0,–ù–∞–±—ñ—Ä–Ω–µ –º–µ–Ω—é,https://www.wood-wam.in.ua/product/menyu-reklama-u-dubovij-ramczi/
59,–ù–∞—Å—Ç—ñ–ª—å–Ω–µ –¥–µ—Ä–µ–≤‚Äô—è–Ω–µ —Ä—É–ª–æ–Ω–Ω–µ –º–µ–Ω—é,680.0,–ë–∞–≥–∞—Ç–æ—Ä–∞–∑–æ–≤–µ –º–µ–Ω—é,https://www.wood-wam.in.ua/product/nastilne-derevyane-rulonne-menyu/
60,"–ù–∞–±—ñ—Ä–Ω–µ –º–µ–Ω—é –Ω–∞—Å—Ç—ñ–Ω–Ω–µ –¥–µ—Ä–µ–≤‚Äô—è–Ω–µ –∑ —Ä–æ–∂–µ–≤–∏–º–∏ —Ä–µ–π–∫–∞–º–∏ –¥–ª—è –∫–∞–≤‚Äô—è—Ä–Ω—ñ —Ç–∞ –±–∞—Ä—É 13 –ø–æ–∑–∏—Ü—ñ–π, —à–∏—Ä–∏–Ω–∞ 80 —Å–º",2800.0,–ù–∞–±—ñ—Ä–Ω–µ –º–µ–Ω—é,https://www.wood-wam.in.ua/product/nabirne-menyu-nastinne-derevyane-z-rozhevymy-rejkamy-dlya-kavyarni-ta-baru-13-pozyczij-shyryna-80-sm/
61,–ù–∞–±—ñ—Ä–Ω–µ –º–µ–Ω—é –Ω–∞ —Ä–µ–π–∫–∞—Ö –Ω–∞—Å—Ç—ñ–Ω–Ω–µ –¥–ª—è –∫–∞–≤‚Äô—è—Ä–Ω—ñ —Ç–∞ –±–∞—Ä—É STANDART —ñ–∑ –¥–µ—Ä–µ–≤–∞,2600.0,–ù–∞–±—ñ—Ä–Ω–µ –º–µ–Ω—é,https://www.wood-wam.in.ua/product/nabirne-menyu-na-rejkah-nastinne-dlya-kavyarni-ta-baru-standart-iz-dereva/
62,–ù–∞–ª—ñ–ø–∫–∞ ( ‚ÄúPet friendly‚Äù / ‚ÄúNo smoking‚Äù / ‚ÄúWI-FI‚Äù),35.0,–ù–∞–ª—ñ–ø–∫–∏,https://www.wood-wam.in.ua/product/naklejka-pet-friendly/
63,"–ù–∞–±—ñ—Ä–Ω–µ –º–µ–Ω—é, –±–∞–≥–∞—Ç–æ—Ä–∞–∑–æ–≤–µ –º–µ–Ω—é",3200.0,–ù–∞–±—ñ—Ä–Ω–µ –º–µ–Ω—é,https://www.wood-wam.in.ua/product/nabirne-menyu-bagatorazove-menyu-2/
64,–ù–∞–±—ñ—Ä–Ω–µ –º–µ–Ω—é –Ω–∞ —Ä–µ–π–∫–∞—Ö –Ω–∞—Å—Ç—ñ–Ω–Ω–µ –¥–ª—è –∫–∞–≤‚Äô—è—Ä–Ω—ñ —Ç–∞ –±–∞—Ä—É STANDART —á–æ—Ä–Ω–µ –¥–µ—Ä–µ–≤–æ,5200.0,–ù–∞–±—ñ—Ä–Ω–µ –º–µ–Ω—é,https://www.wood-wam.in.ua/product/nabirne-menyu-na-rejkah-nastinne-dlya-kavyarni-ta-baru-standart-chorne-derevo/
65,–ù–∞–∫–ª–µ–π–∫–∞ ‚Äú–ì—Ä–∞—Ñ—ñ–∫ —Ä–æ–±–æ—Ç–∏‚Äù –ê4,350.0,–ù–∞–ª—ñ–ø–∫–∏,https://www.wood-wam.in.ua/product/naklejka-grafyk-roboty-a4/
66,–ù–∞–±—ñ—Ä–Ω–µ –º–µ–Ω—é –Ω–∞ —Ä–µ–π–∫–∞—Ö –¥–ª—è –∫–∞–≤‚Äô—è—Ä–Ω—ñ —Ç–∞ –±–∞—Ä—É STANDART –Ω–∞ –∑–∞–º–æ–≤–ª–µ–Ω–Ω—è –≤ —Ä—ñ–∑–Ω–∏—Ö –≤–∞—Ä—ñ–∞—Ü—ñ—è—Ö,1200.0,–ù–∞–±—ñ—Ä–Ω–µ –º–µ–Ω—é,https://www.wood-wam.in.ua/product/nabirne-menyu-na-rejkah-dlya-kavyarni-ta-baru-standart-na-zamovlennya-v-riznyh-variacziyah/
67,–ö–æ–Ω–¥–∏—Ç–µ—Ä—Å—å–∫–∞ –í—ñ—Ç—Ä–∏–Ω–∞ –ó –õ–∞–º—ñ–Ω–æ–≤–∞–Ω–æ—ó –§–∞–Ω–µ—Ä–∏ ( –ß–æ—Ä–Ω–∞/–ë—ñ–ª–∞),4200.0,"–°—Ç–µ–ª–∞–∂—ñ, –ø–æ–ª–∏—á–∫–∏, —Ç—É–º–±–∏ —Ç–∞ –≤—ñ—Ç—Ä–∏–Ω–∏",https://www.wood-wam.in.ua/product/kondyterska-vitryna-z-dereva-chorna/
68,–ö–∏–ª–∏–º–æ–∫ –∫—É—Ç–æ–≤–∏–π VD Coffee Big,350.0,–ü—Ä–æ—Ñ–µ—Å—ñ–π–Ω—ñ —ñ–Ω—Å—Ç—Ä—É–º–µ–Ω—Ç–∏ –±–∞—Ä–∏—Å—Ç–∞,https://www.wood-wam.in.ua/product/kylymok-kutovyj-vd-coffee-big/
69,–ö–∏–ª–∏–º–æ–∫ –∫—É—Ç–æ–≤–∏–π VD Small,230.0,–ü—Ä–æ—Ñ–µ—Å—ñ–π–Ω—ñ —ñ–Ω—Å—Ç—Ä—É–º–µ–Ω—Ç–∏ –±–∞—Ä–∏—Å—Ç–∞,https://www.wood-wam.in.ua/product/kylymok-kutovyj-vd-small/
70,–ö–æ–Ω–¥–∏—Ç–µ—Ä—Å—å–∫–∞ –≤—ñ—Ç—Ä–∏–Ω–∞ –∑ –¥–µ—Ä–µ–≤–∞,3900.0,"–°—Ç–µ–ª–∞–∂—ñ, –ø–æ–ª–∏—á–∫–∏, —Ç—É–º–±–∏ —Ç–∞ –≤—ñ—Ç—Ä–∏–Ω–∏",https://www.wood-wam.in.ua/product/kondyterska-vitryna-z-dereva/
71,–Ü–Ω—Ñ–æ—Ä–º–∞—Ü—ñ–π–Ω–∞ –Ω–∞–ª—ñ–ø–∫–∞ –≤–µ–ª–∏–∫–∞,550.0,–ù–∞–ª—ñ–ø–∫–∏,https://www.wood-wam.in.ua/product/informaczijna-nalipka-velyka/
72,–Ü–Ω—Ç–µ—Ä–∞–∫—Ç–∏–≤–Ω–µ –∫–æ–ª–µ—Å–æ —Å–º–∞–∫—ñ–≤ —Ç–∞ –∞—Ä–æ–º–∞—Ç—ñ–≤ –∫–∞–≤–∏ –¥—ñ–∞–≥—Ä–∞–º–∞ –Ω–∞ –ø–æ–ª–æ—Ç–Ω—ñ –ê1,650.0,–Ü–Ω—Ñ–æ—Ä–º–∞—Ü—ñ–π–Ω—ñ —Ç–∞–±–ª–∏—á–∫–∏,https://www.wood-wam.in.ua/product/interaktyvne-koleso-smakiv-ta-aromativ-kavy-diagrama-na-polotni-a1-2/
73,"–Ü–Ω—Ñ–æ—Ä–º–∞—Ü—ñ–π–Ω—ñ —Ç–∞–±–ª–∏—á–∫–∏ –∑ –¥—Ä—É–∫–æ–º –Ω–∞ –∞–∫—Ä–∏–ª—ñ. –ü—ñ–¥—Å—Ç–∞–≤–∫–∞ –∑ –Ω–∞—Ç—É—Ä–∞–ª—å–Ω–æ–≥–æ —è—Å–µ–Ω—é, –ø–æ–∫—Ä–∏—Ç–∞ –º–∞—Å–ª–æ–º.",480.0,QR-–∫–æ–¥–∏,https://www.wood-wam.in.ua/product/informaczijni-tablychky-z-drukom-na-akryli-pidstavka-z-naturalnogo-yasenyu-pokryta-maslom/
74,–ó–∞–∂–∏–º –¥–ª—è —Ä–∞—Ö—É–Ω–∫—É –æ—Ñ—ñ—Ü—ñ–∞–Ω—Ç–∞,320.0,–û—Ä–≥–∞–Ω–∞–π–∑–µ—Ä–∏,https://www.wood-wam.in.ua/product/zazhym-dlya-rahunku-oficzianta/
75,–ü—ñ–¥—Å—Ç–∞–≤–∫–∞ –ø—ñ–¥ –ø–ª–∞–Ω—à–µ—Ç,550.0,–û—Ä–≥–∞–Ω–∞–π–∑–µ—Ä–∏,https://www.wood-wam.in.ua/product/pidstavka-pid-planshet-chorna/
76,"–ü—ñ–¥—Å—Ç–∞–≤–∫–∞ –¥–ª—è –ø–æ–Ω—á–∏–∫—ñ–≤, –¥–æ–Ω–∞—Ç—ñ–≤",380.0,–û—Ä–≥–∞–Ω–∞–π–∑–µ—Ä–∏,https://www.wood-wam.in.ua/product/pidstavka-dlya-ponchykiv-donativ/
77,–ü—ñ–¥—Å—Ç–∞–≤–∫–∞ –¥–ª—è —Ç–∏–ø—Å—ñ–≤ 33—Ö15—Ö22 —Å–º,480.0,–ë–µ–∑ –∫–∞—Ç–µ–≥–æ—Ä—ñ—ó,https://www.wood-wam.in.ua/product/pidstavka-dlya-typsiv-33h15h22-sm/
78,–ü—ñ–¥—Å—Ç–∞–≤–∫–∞ –ø—ñ–¥ –Ω–æ—É—Ç–±—É–∫ ( –ë—ñ–ª–∞ / –ß–æ—Ä–Ω–∞ ),450.0,–û—Ä–≥–∞–Ω–∞–π–∑–µ—Ä–∏,https://www.wood-wam.in.ua/product/pidstavka-pid-noutbuk/
79,–ü—ñ–¥—Å—Ç–∞–≤–∫–∞ –∑ –¥–µ—Ä–µ–≤–∞ –¥–ª—è –º–∞–∫–∞—Ä–æ–Ω—ñ–≤ —Ç–∞ –∫–æ–Ω–¥–∏—Ç–µ—Ä—Å—å–∫–∏—Ö –≤–∏—Ä–æ–±—ñ–≤,450.0,–û—Ä–≥–∞–Ω–∞–π–∑–µ—Ä–∏,https://www.wood-wam.in.ua/product/malenka-pidstavka-z-dereva-dlya-makaroniv-dlya-kondyterskyh-vyrobiv/
80,–ü—ñ–¥–ª–æ–≥–æ–≤–∏–π –ù–æ–∫ –ë–æ–∫—Å,3700.0,–ü—Ä–æ—Ñ–µ—Å—ñ–π–Ω—ñ —ñ–Ω—Å—Ç—Ä—É–º–µ–Ω—Ç–∏ –±–∞—Ä–∏—Å—Ç–∞,https://www.wood-wam.in.ua/product/pidlogovyj-nok-boks/
81,–ü–∞–ø–µ—Ä–æ–≤—ñ —Ñ—ñ–ª—å—Ç—Ä–∏ Melitta 40—à—Ç,135.0,–ü—Ä–æ—Ñ–µ—Å—ñ–π–Ω—ñ —ñ–Ω—Å—Ç—Ä—É–º–µ–Ω—Ç–∏ –±–∞—Ä–∏—Å—Ç–∞,https://www.wood-wam.in.ua/product/paperovi-filtry-melitta-40sht/
82,–¢–∞–±–ª–∏—á–∫–∞ ‚Äú–í–∏–±–∞—á—Ç–µ –±—É–¥—É —á–µ—Ä–µ–∑ 5 —Ö–≤–∏–ª–∏–Ω‚Äù –Ω–∞ –ø—ñ–¥—Å—Ç–∞–≤—Ü—ñ,420.0,–Ü–Ω—Ñ–æ—Ä–º–∞—Ü—ñ–π–Ω—ñ —Ç–∞–±–ª–∏—á–∫–∏,https://www.wood-wam.in.ua/product/tablychka-vybachte-budu-cherez-5-hvylyn-na-pidstavczi/
83,–¢–∞–±–ª–∏—á–∫–∞ ‚Äú–≤–∏–±–∞—á—Ç–µ –±—É–¥—É —á–µ—Ä–µ–∑ 5 —Ö–≤–∏–ª–∏–Ω‚Äù,150.0,–Ü–Ω—Ñ–æ—Ä–º–∞—Ü—ñ–π–Ω—ñ —Ç–∞–±–ª–∏—á–∫–∏,https://www.wood-wam.in.ua/product/tablychka-vybachte-budu-cherez-5-hvylyn/
84,–°—Ç–µ–ª–∞–∂—ñ –Ω–∞ –∑–∞–º–æ–≤–ª–µ–Ω–Ω—è,3000.0,"–°—Ç–µ–ª–∞–∂—ñ, –ø–æ–ª–∏—á–∫–∏, —Ç—É–º–±–∏ —Ç–∞ –≤—ñ—Ç—Ä–∏–Ω–∏",https://www.wood-wam.in.ua/product/stelazhy-pod-zakaz-2/
85,–°—É–≤–µ–Ω—ñ—Ä Homeüíôüíõ,320.0,–†—ñ–∑–Ω–µ,https://www.wood-wam.in.ua/product/suvenir-home%f0%9f%92%99%f0%9f%92%9b/
86,–°—Ç–µ–ª–∞–∂ –¥–ª—è –º–∞–≥–∞–∑–∏–Ω—É –≤–µ–ª–∏–∫–∏–π,2100.0,"–°—Ç–µ–ª–∞–∂—ñ, –ø–æ–ª–∏—á–∫–∏, —Ç—É–º–±–∏ —Ç–∞ –≤—ñ—Ç—Ä–∏–Ω–∏",https://www.wood-wam.in.ua/product/stelazh-dlya-magazynu-velykyj/
87,–°—Ç–µ–ª–∞–∂ –¥–ª—è –º–∞–≥–∞–∑–∏–Ω—É –∑¬† –Ω–∞—Ö–∏–ª–µ–Ω–∏–º–∏ –ø–æ–ª–∏—Ü—è–º–∏,3500.0,"–°—Ç–µ–ª–∞–∂—ñ, –ø–æ–ª–∏—á–∫–∏, —Ç—É–º–±–∏ —Ç–∞ –≤—ñ—Ç—Ä–∏–Ω–∏",https://www.wood-wam.in.ua/product/stelazh-dlya-magazynu-z-nahylenymy-polyczyamy-2/
88,–°–ª—ñ–ø–µ —Å–∏—Ç–æ,100.0,–ü—Ä–æ—Ñ–µ—Å—ñ–π–Ω—ñ —ñ–Ω—Å—Ç—Ä—É–º–µ–Ω—Ç–∏ –±–∞—Ä–∏—Å—Ç–∞,https://www.wood-wam.in.ua/product/slipe-syto/
89,"–°–µ—Ä—Ç–∏—Ñ—ñ–∫–∞—Ç-–≤—ñ–¥–∑–Ω–∞–∫–∞ –ø—Ä–æ –ø—Ä–æ—Ö–æ–¥–∂–µ–Ω–Ω—è –Ω–∞–≤—á–∞–Ω–Ω—è —Ä–æ–∑–º—ñ—Ä 105—Ö148, –ø—ñ–¥—Å—Ç–∞–≤–∫–∞ –º–∞—Ä–º—É—Ä–æ–≤–∞",580.0,–Ü–Ω—Ñ–æ—Ä–º–∞—Ü—ñ–π–Ω—ñ —Ç–∞–±–ª–∏—á–∫–∏,https://www.wood-wam.in.ua/product/sertyfikat-vidznaka-pro-prohodzhennya-navchannya-rozmir-105h148-pidstavka-marmurova/
90,"–ß–∞–π–Ω–∏–∫ –∑–≤–∏—á–∞–π–Ω–∏–π –¥–ª—è –ø—É—Ä–æ–≤–µ—Ä–∞ –∑ –Ω–µ—Ä–∂–∞–≤—ñ–π–∫–∏ 1,2 –ª",1250.0,–ü—Ä–æ—Ñ–µ—Å—ñ–π–Ω—ñ —ñ–Ω—Å—Ç—Ä—É–º–µ–Ω—Ç–∏ –±–∞—Ä–∏—Å—Ç–∞,https://www.wood-wam.in.ua/product/chajnyk-zvychajnyj-dlya-purovera-z-nerzhavijky-12-l/
91,–†–æ–∑—Ä—ñ–≤–Ω—é–≤–∞—á VD Coffee Standart,990.0,–ü—Ä–æ—Ñ–µ—Å—ñ–π–Ω—ñ —ñ–Ω—Å—Ç—Ä—É–º–µ–Ω—Ç–∏ –±–∞—Ä–∏—Å—Ç–∞,https://www.wood-wam.in.ua/product/rozrivnyuvach-vd-coffee-standart/
92,–ß–∞–π –ú–∞—Ç—á–∞ (–ú–∞—Ç—Ç—è) –û—Ä–≥–∞–Ω—ñ—á–Ω–∞ 50 –ì,230.0,–ü—Ä–æ—Ñ–µ—Å—ñ–π–Ω—ñ —ñ–Ω—Å—Ç—Ä—É–º–µ–Ω—Ç–∏ –±–∞—Ä–∏—Å—Ç–∞,https://www.wood-wam.in.ua/product/chaj-matcha-mattya-organichna-50-g/
93,–§—É—Ç–±–æ–ª–∫–∞ –∑ –Ω–∞–ø–∏—Å–æ–º ‚Äú–ü–∏–π –∫–∞–≤—É –ª—é–±–∏ –≤—ñ—Ä –≤ –ó–°–£‚Äù,550.0,–§—É—Ç–±–æ–ª–∫–∏ –∑ –±—Ä–µ–Ω–¥—É–≤–∞–Ω–Ω—è–º,https://www.wood-wam.in.ua/product/futbolka-z-napysom-pyj-kavu-lyuby-vir-v-zsu/
94,–§—É—Ç–±–æ–ª–∫–∞ –∑ –±—Ä–µ–Ω–¥—É–≤–∞–Ω–Ω—è–º,380.0,–ë–µ–∑ –∫–∞—Ç–µ–≥–æ—Ä—ñ—ó,https://www.wood-wam.in.ua/product/futbolka-z-brenduvannyam/
95,–§—ñ–ª—å—Ç—Ä–∏ –ø–∞–ø–µ—Ä–æ–≤—ñ Hario V60 02 Paper Filters 100—à—Ç,300.0,–ü—Ä–æ—Ñ–µ—Å—ñ–π–Ω—ñ —ñ–Ω—Å—Ç—Ä—É–º–µ–Ω—Ç–∏ –±–∞—Ä–∏—Å—Ç–∞,https://www.wood-wam.in.ua/product/filtry-paperovi-hario-v60-02-paper-filters-100sht/
96,–¢–∞–±–ª–∏—á–∫–∞ WC –≤–µ–ª–∏–∫–∞,290.0,–Ü–Ω—Ñ–æ—Ä–º–∞—Ü—ñ–π–Ω—ñ —Ç–∞–±–ª–∏—á–∫–∏,https://www.wood-wam.in.ua/product/tablychka-wc-velyka/
97,–§—ñ–ª—å—Ç—Ä–∏ Chemex,520.0,–ü—Ä–æ—Ñ–µ—Å—ñ–π–Ω—ñ —ñ–Ω—Å—Ç—Ä—É–º–µ–Ω—Ç–∏ –±–∞—Ä–∏—Å—Ç–∞,https://www.wood-wam.in.ua/product/filtry-chemex/
98,–¢–∞–±–ª–∏—á–∫–∞ WC / –°–ª—É–∂–±–æ–≤–µ –ø—Ä–∏–º—ñ—â–µ–Ω–Ω—è,360.0,–Ü–Ω—Ñ–æ—Ä–º–∞—Ü—ñ–π–Ω—ñ —Ç–∞–±–ª–∏—á–∫–∏,https://www.wood-wam.in.ua/product/tablychka-wc-sluzhbove-prymishhennya/
99,–¢–∞–±–ª–∏—á–∫–∞ ‚Äú–†–µ–∑–µ—Ä–≤‚Äù –º–∞–ª–µ–Ω—å–∫–∞,280.0,–Ü–Ω—Ñ–æ—Ä–º–∞—Ü—ñ–π–Ω—ñ —Ç–∞–±–ª–∏—á–∫–∏,https://www.wood-wam.in.ua/product/tablychka-rezerv-malenka/
100,–¢—É–º–±–∞ –¥–ª—è —Å–∞–º–æ–æ–±—Å–ª—É–≥–æ–≤—É–≤–∞–Ω–Ω—è –∫–ª—ñ—î–Ω—Ç–∞,6400.0,"–°—Ç–µ–ª–∞–∂—ñ, –ø–æ–ª–∏—á–∫–∏, —Ç—É–º–±–∏ —Ç–∞ –≤—ñ—Ç—Ä–∏–Ω–∏",https://www.wood-wam.in.ua/product/tumba-dlya-samoobslugovuvannya-kliyenta/
101,–¢–∞–±–ª–∏—á–∫–∞ WC —Å–µ—Ä–µ–¥–Ω—è,250.0,–Ü–Ω—Ñ–æ—Ä–º–∞—Ü—ñ–π–Ω—ñ —Ç–∞–±–ª–∏—á–∫–∏,https://www.wood-wam.in.ua/product/tablychka-wc-serednya/
102,–¢–∞–±–ª–∏—á–∫–∞ ‚Äú–†–µ–∑–µ—Ä–≤‚Äù –≤–µ–ª–∏–∫–∞,340.0,–Ü–Ω—Ñ–æ—Ä–º–∞—Ü—ñ–π–Ω—ñ —Ç–∞–±–ª–∏—á–∫–∏,https://www.wood-wam.in.ua/product/tablychka-rezerv-velyka/
103,–¢–∞–±–ª–∏—á–∫–∞ WC –º–∞–ª–µ–Ω—å–∫–∞,220.0,–Ü–Ω—Ñ–æ—Ä–º–∞—Ü—ñ–π–Ω—ñ —Ç–∞–±–ª–∏—á–∫–∏,https://www.wood-wam.in.ua/product/tablychka-wc-malenka/
104,–¢–∞–±–ª–∏—á–∫–∞ ‚Äú–ù–µ –∫—É—Ä–∏—Ç–∏‚Äù –Ω–∞ —Å–∫–æ—Ç—á—ñ,90.0,–Ü–Ω—Ñ–æ—Ä–º–∞—Ü—ñ–π–Ω—ñ —Ç–∞–±–ª–∏—á–∫–∏,https://www.wood-wam.in.ua/product/tablychka-ne-kuryty-na-skotchi/
105,–©—ñ—Ç–∫–∞ –¥–ª—è —á–∏—Å—Ç–∫–∏ –≥—Ä—É–ø VD Coffee,110.0,–ü—Ä–æ—Ñ–µ—Å—ñ–π–Ω—ñ —ñ–Ω—Å—Ç—Ä—É–º–µ–Ω—Ç–∏ –±–∞—Ä–∏—Å—Ç–∞,https://www.wood-wam.in.ua/product/shhitka-dlya-chystky-grup-vd-coffee/
106,"–¢–∞–±–ª–∏—á–∫–∏ –Ω–∞ –∑–∞–º–æ–≤–ª–µ–Ω–Ω—è –∑ –∞–∫—Ä–∏–ª—É, –∫–æ–º–ø–æ–∑–∏—Ç—É, –¥–µ—Ä–µ–≤–∞",350.0,–Ü–Ω—Ñ–æ—Ä–º–∞—Ü—ñ–π–Ω—ñ —Ç–∞–±–ª–∏—á–∫–∏,https://www.wood-wam.in.ua/product/tablychky-na-zamovlennya-z-akrylu-kompozytu-dereva-6/
107,–®—Ç–µ–Ω–¥–µ—Ä –º–µ—Ç–∞–ª–µ–≤–∏–π ¬´–ú–æ-–º–æ—Ä–æ–∑–∏–≤–æ?¬ª,3800.0,–†—ñ–∑–Ω–µ,https://www.wood-wam.in.ua/product/shtender-metalevyj-mo-morozyvo/
108,–¢–∞–±–ª–∏—á–∫–∞ ‚Äú–ù–µ –∫—É—Ä–∏—Ç–∏‚Äù –Ω–∞ –¥–µ—Ä–µ–≤‚Äô—è–Ω—ñ–π –Ω—ñ–∂—Ü—ñ,150.0,–Ü–Ω—Ñ–æ—Ä–º–∞—Ü—ñ–π–Ω—ñ —Ç–∞–±–ª–∏—á–∫–∏,https://www.wood-wam.in.ua/product/tablychka-ne-kuryty-na-derevyanij-nizhczi/
109,"–¢–∞–±–ª–∏—á–∫–∏ –Ω–∞ –∑–∞–º–æ–≤–ª–µ–Ω–Ω—è –∑ –∞–∫—Ä–∏–ª—É, –∫–æ–º–ø–æ–∑–∏—Ç—É, –¥–µ—Ä–µ–≤–∞",420.0,–Ü–Ω—Ñ–æ—Ä–º–∞—Ü—ñ–π–Ω—ñ —Ç–∞–±–ª–∏—á–∫–∏,https://www.wood-wam.in.ua/product/tablychky-na-zamovlennya-z-akrylu-kompozytu-dereva-5/
110,–¢–∞–±–ª–∏—á–∫–∏ –≤—ñ–¥–∫—Ä–∏—Ç–æ/–∑–∞–∫—Ä–∏—Ç–æ –∑ –≥—Ä–∞—Ñ—ñ–∫–æ–º —Ä–æ–±–æ—Ç–∏ ( –ß–æ—Ä–Ω–∞ / –ë—ñ–ª–∞ ),450.0,–Ü–Ω—Ñ–æ—Ä–º–∞—Ü—ñ–π–Ω—ñ —Ç–∞–±–ª–∏—á–∫–∏,https://www.wood-wam.in.ua/product/tablychky-vidkryto-zakryto-z-grafikom-roboty/
111,–¢–∞–±–ª–∏—á–∫–∞ —ñ–Ω—Ñ–æ—Ä–º–∞—Ü—ñ–π–Ω–∞ (QR) –∑ –∑–æ–ª–æ—Ç–æ—é / —Å—Ä—ñ–±–Ω–æ—é —Ä–∞–º–∫–æ—é 30*40—Å–º,950.0,QR-–∫–æ–¥–∏,https://www.wood-wam.in.ua/product/tablychka-informaczijna-qr-z-zolotoyu-sribnoyu-ramkoyu-3040sm/
112,–¢–∞–±–ª–∏—á–∫–∞ –∑ QR-–∫–æ–¥–æ–º –∑–∞ –í–∞—à–∏–º –¥–∏–∑–∞–π–Ω–æ–º,600.0,QR-–∫–æ–¥–∏,https://www.wood-wam.in.ua/product/tablychka-z-qr-kodom-za-vashym-dyzajnom/
113,–¢–∞–±–ª–∏—á–∫–∞ –¥–ª—è –≤—É–ª–∏—Ü—ñ –∑ –µ—Ñ–µ–∫—Ç–æ–º –≤—ñ–¥–¥–∑–µ—Ä–∫–∞–ª–µ–Ω–Ω—è,1800.0,–†—ñ–∑–Ω–µ,https://www.wood-wam.in.ua/product/tablychka-dlya-vulyczi-z-efektom-viddzerkalennya/
114,–¢–∞–±–ª–∏—á–∫–∞ –í—ñ–¥–∫—Ä–∏—Ç–æ/–ó–∫—Ä–∏—Ç–æ –∑ –∞–∫—Ä–∏–ª—É,150.0,–Ü–Ω—Ñ–æ—Ä–º–∞—Ü—ñ–π–Ω—ñ —Ç–∞–±–ª–∏—á–∫–∏,https://www.wood-wam.in.ua/product/tablychka-vidkryte-zkryte-z-akrylu/
115,"–ü—Ä–æ—Ñ–µ—Å—ñ–π–Ω–∏–π –ó–∞—Å—ñ–± –î–ª—è –ß–∏—â–µ–Ω–Ω—è –ú–æ–ª–æ—á–Ω–æ—ó –°–∏—Å—Ç–µ–º–∏ –ö–∞–≤–æ–º–∞—à–∏–Ω–∏ Optimal-Pro 0,5 –õ",110.0,–ü—Ä–æ—Ñ–µ—Å—ñ–π–Ω—ñ —ñ–Ω—Å—Ç—Ä—É–º–µ–Ω—Ç–∏ –±–∞—Ä–∏—Å—Ç–∞,https://www.wood-wam.in.ua/product/profesijnyj-zasib-dlya-chyshhennya-molochnoyi-systemy-kavomashyny-optimal-pro-05-l/
116,–ü—É—à-—Ä–æ–∑—Ä—ñ–≤–Ω—é–≤–∞—á —Ç–µ–º–ø–µ—Ä VD Coffee,1390.0,–ü—Ä–æ—Ñ–µ—Å—ñ–π–Ω—ñ —ñ–Ω—Å—Ç—Ä—É–º–µ–Ω—Ç–∏ –±–∞—Ä–∏—Å—Ç–∞,https://www.wood-wam.in.ua/product/push-rozrivnyuvach-temper-vd-coffee/
117,"–ü—Ä–æ—Ñ–µ—Å—ñ–π–Ω–∏–π –ó–∞—Å—ñ–± –î–ª—è –ß–∏—â–µ–Ω–Ω—è –ö–∞–≤–æ–º–∞—à–∏–Ω –í—ñ–¥ –ö–∞–≤–æ–≤–∏—Ö –ú–∞—Å–µ–ª Optimal-Pro 0,5 –õ",110.0,–ü—Ä–æ—Ñ–µ—Å—ñ–π–Ω—ñ —ñ–Ω—Å—Ç—Ä—É–º–µ–Ω—Ç–∏ –±–∞—Ä–∏—Å—Ç–∞,https://www.wood-wam.in.ua/product/profesijnyj-zasib-dlya-chyshhennya-kavomashyn-vid-kavovyh-masel-optimal-pro-05-l/
118,–ü–æ—Ö–∏–ª–∞ —Å–∫–∞–Ω–¥–∏–Ω–∞–≤—Å—å–∫–∞ –ø–æ–ª–∏—á–∫–∞ –¥–ª—è –¥–æ–º—É —á–∏ –º–∞–≥–∞–∑–∏–Ω—É –¥–µ—Ä–µ–≤‚Äô—è–Ω–∞ –ø—ñ–¥–ª–æ–≥–æ–≤–∞ –≤ —Å–∫–∞–Ω–¥–∏–Ω–∞–≤—Å—å–∫–æ–º—É —Å—Ç–∏–ª—ñ,2400.0,"–°—Ç–µ–ª–∞–∂—ñ, –ø–æ–ª–∏—á–∫–∏, —Ç—É–º–±–∏ —Ç–∞ –≤—ñ—Ç—Ä–∏–Ω–∏",https://www.wood-wam.in.ua/product/pohyla-skandynavska-polychka-dlya-domu-chy-magazynu-derevyana-pidlogova-v-skandynavskomu-styli-2/
119,–ü–æ–ª–∏—á–∫–∞ –Ω–∞—Å—Ç–æ–ª—å–Ω–∞ –Ω–∞ –¥–≤—ñ —Å—Ö–æ–¥–∏–Ω–∫–∏,520.0,"–°—Ç–µ–ª–∞–∂—ñ, –ø–æ–ª–∏—á–∫–∏, —Ç—É–º–±–∏ —Ç–∞ –≤—ñ—Ç—Ä–∏–Ω–∏",https://www.wood-wam.in.ua/product/polychka-nastolna-na-dvi-shodynky/
120,–ü–æ–ª–∏—á–∫–∞ –∑ –¥–µ—Ä–µ–≤–∞ —Ç–∞ —Ä–µ–∑–∏–Ω–∫–∏,2300.0,"–°—Ç–µ–ª–∞–∂—ñ, –ø–æ–ª–∏—á–∫–∏, —Ç—É–º–±–∏ —Ç–∞ –≤—ñ—Ç—Ä–∏–Ω–∏",https://www.wood-wam.in.ua/product/polychka-z-dereva-ta-rezynky/
121,–ü–æ–ª–∏—á–∫–∞ –¥–ª—è –∂—É—Ä–Ω–∞–ª—ñ–≤ ( –ß–æ—Ä–Ω–∞ / –ë—ñ–ª–∞ ),750.0,"–°—Ç–µ–ª–∞–∂—ñ, –ø–æ–ª–∏—á–∫–∏, —Ç—É–º–±–∏ —Ç–∞ –≤—ñ—Ç—Ä–∏–Ω–∏",https://www.wood-wam.in.ua/product/polychka-dlya-zhurnaliv-bila-2/
122,–û—Ä–≥–∞–Ω–∞–π–∑–µ—Ä –¥–ª—è –∫–∞–≤‚Äô—è—Ä–Ω—ñ —Å–µ—Ä–µ–¥–Ω—ñ–π,580.0,–û—Ä–≥–∞–Ω–∞–π–∑–µ—Ä–∏,https://www.wood-wam.in.ua/product/organajzer-dlya-kavyarni-serednij/
123,–û—Ä–≥–∞–Ω–∞–π–∑–µ—Ä –¥–ª—è –∫–∞–≤‚Äô—è—Ä–Ω—ñ –≤–µ–ª–∏–∫–∏–π,950.0,–û—Ä–≥–∞–Ω–∞–π–∑–µ—Ä–∏,https://www.wood-wam.in.ua/product/organajzer-dlya-kavyarni-velykyj/
124,–û—Ä–≥–∞–Ω–∞–π–∑–µ—Ä –¥–ª—è –∫–∞–≤‚Äô—è—Ä–Ω—ñ –º–∞–ª–∏–π,480.0,–û—Ä–≥–∞–Ω–∞–π–∑–µ—Ä–∏,https://www.wood-wam.in.ua/product/organajzer-dlya-kavyarni-malyj/
125,–ü—ñ—Ç—á–µ—Ä –¥–ª—è –º–æ–ª–æ–∫–∞ VD Coffee,220.0,–ü—Ä–æ—Ñ–µ—Å—ñ–π–Ω—ñ —ñ–Ω—Å—Ç—Ä—É–º–µ–Ω—Ç–∏ –±–∞—Ä–∏—Å—Ç–∞,https://www.wood-wam.in.ua/product/pitcher-dlya-moloka-vd-coffee/
126,–û—Ä–≥–∞–Ω–∞–π–∑–µ—Ä ‚Äú–ö–∞—Å–∞‚Äù,850.0,–û—Ä–≥–∞–Ω–∞–π–∑–µ—Ä–∏,https://www.wood-wam.in.ua/product/organaizer_kasa/
127,–û—Ä–≥–∞–Ω–∞–π–∑–µ—Ä ‚Äú–ö–∞—Å–∞ –∑ –ø—ñ–¥—Å—Ç–∞–≤–∫–æ—é –¥–ª—è –ø–ª–∞–Ω—à–µ—Ç–∞‚Äù,1550.0,–û—Ä–≥–∞–Ω–∞–π–∑–µ—Ä–∏,https://www.wood-wam.in.ua/product/organajzer-kasa-z-pidstavkoyu-dlya-plansheta/
128,–ù–æ–∫-–ë–æ–∫—Å –í—Ä—ñ–∑–Ω–∏–π VD Coffee M,750.0,–ü—Ä–æ—Ñ–µ—Å—ñ–π–Ω—ñ —ñ–Ω—Å—Ç—Ä—É–º–µ–Ω—Ç–∏ –±–∞—Ä–∏—Å—Ç–∞,https://www.wood-wam.in.ua/product/nok-boks-vriznyj-vd-coffee-m/
